<?xml version="1.0" encoding="UTF-8"?>
<?eclipse version="3.7"?>
<fragment>
   <extension
         point="org.eclipse.ui.bindings">
      <key
            commandId="com.archimatetool.editor.fullscreen.macos.commandFullScreen"
            schemeId="com.archimatetool.editor.keybindings"
            sequence="M1+M4+F">
      </key>
      <key
            commandId="com.archimatetool.editor.fullscreen.macos.commandEscape"
            contextId="org.eclipse.ui.contexts.window"
            schemeId="org.eclipse.ui.defaultAcceleratorConfiguration"
            sequence="Esc">
      </key>
   </extension>
   <extension
         point="org.eclipse.ui.commands">
      <command
            defaultHandler="com.archimatetool.editor.FullScreenCommandHandler"
            id="com.archimatetool.editor.fullscreen.macos.commandFullScreen"
            name="Full Screen">
      </command>
      <command
            defaultHandler="com.archimatetool.editor.EscapeFullScreenCommandHandler"
            id="com.archimatetool.editor.fullscreen.macos.commandEscape"
            name="Exit Full Screen">
      </command>
   </extension>
   <extension
         point="org.eclipse.ui.menus">
      <menuContribution
            allPopups="false"
            locationURI="menu:window?before=nav_start">
         <command
               commandId="com.archimatetool.editor.fullscreen.macos.commandFullScreen"
               label="Mac Full Screen"
               style="push">
            <visibleWhen
                  checkEnabled="true">
            </visibleWhen>
         </command>
      </menuContribution>
   </extension>on>

</fragment>
